{
  "losses": [
    3.732410036284348,
    1.3869258679192642,
    0.8522628073034615,
    0.520394372528997,
    0.4690350766839652,
    0.3828508787114045,
    0.35671935204801886,
    0.32176973645029394,
    0.27513626731675245,
    0.2877201833601656,
    0.2923326790332794,
    0.2588366701685149,
    0.2381374599604771,
    0.2557928667500101,
    0.23415206526887827,
    0.258212731830005,
    0.22894676569206962,
    0.2207150050792201,
    0.2327140176604534,
    0.2353559778682117,
    0.2387526130046824,
    0.2118854351213266,
    0.2319038250836833,
    0.19620274855145092,
    0.2051753749878242
  ],
  "metrics": {
    "both": {
      "optimistic": {
        "adjusted_arithmetic_mean_rank": 0.17152752614414887,
        "adjusted_arithmetic_mean_rank_index": 0.8316682598360586,
        "adjusted_geometric_mean_rank_index": 0.9278637430561142,
        "adjusted_hits_at_k": 0.44792566347319634,
        "adjusted_inverse_harmonic_mean_rank": 0.19770584271257358,
        "arithmetic_mean_rank": 44.63815789473684,
        "count": 456.0,
        "geometric_mean_rank": 13.940129647476903,
        "harmonic_mean_rank": 4.769076178511141,
        "hits_at_1": 0.09429824561403509,
        "hits_at_10": 0.4605263157894737,
        "hits_at_3": 0.23903508771929824,
        "hits_at_5": 0.3508771929824561,
        "inverse_arithmetic_mean_rank": 0.022402358142962417,
        "inverse_geometric_mean_rank": 0.07173534431087557,
        "inverse_harmonic_mean_rank": 0.2096842160974225,
        "inverse_median_rank": 0.08,
        "median_absolute_deviation": 15.567323294308821,
        "median_rank": 12.5,
        "standard_deviation": 70.99856830859201,
        "variance": 5040.7967018698055,
        "z_arithmetic_mean_rank": 29.44208476053346,
        "z_geometric_mean_rank": 20.273229886649585,
        "z_hits_at_k": 62.804348973181625,
        "z_inverse_harmonic_mean_rank": 70.48890936304291
      },
      "pessimistic": {
        "adjusted_arithmetic_mean_rank": 0.17153595294474547,
        "adjusted_arithmetic_mean_rank_index": 0.8316598005295526,
        "adjusted_geometric_mean_rank_index": 0.9278626328254846,
        "adjusted_hits_at_k": 0.44792566347319634,
        "adjusted_inverse_harmonic_mean_rank": 0.1977057482290721,
        "arithmetic_mean_rank": 44.64035087719298,
        "count": 456.0,
        "geometric_mean_rank": 13.94032880569351,
        "harmonic_mean_rank": 4.769078295369099,
        "hits_at_1": 0.09429824561403509,
        "hits_at_10": 0.4605263157894737,
        "hits_at_3": 0.23903508771929824,
        "hits_at_5": 0.3508771929824561,
        "inverse_arithmetic_mean_rank": 0.02240125761446257,
        "inverse_geometric_mean_rank": 0.07173431946537588,
        "inverse_harmonic_mean_rank": 0.20968412302457404,
        "inverse_median_rank": 0.08,
        "median_absolute_deviation": 15.567323294308821,
        "median_rank": 12.5,
        "standard_deviation": 71.00193068699184,
        "variance": 5041.274161280393,
        "z_arithmetic_mean_rank": 29.441785290623166,
        "z_geometric_mean_rank": 20.273205628819756,
        "z_hits_at_k": 62.804348973181625,
        "z_inverse_harmonic_mean_rank": 70.48887567643618
      },
      "realistic": {
        "adjusted_arithmetic_mean_rank": 0.17153174391626144,
        "adjusted_arithmetic_mean_rank_index": 0.8316640257941272,
        "adjusted_geometric_mean_rank_index": 0.9278631762527413,
        "adjusted_hits_at_k": 0.44792566347319634,
        "adjusted_inverse_harmonic_mean_rank": 0.19770580427441012,
        "arithmetic_mean_rank": 44.63925552368164,
        "count": 456.0,
        "geometric_mean_rank": 13.940231323242188,
        "harmonic_mean_rank": 4.769077039699703,
        "hits_at_1": 0.09429824561403509,
        "hits_at_10": 0.4605263157894737,
        "hits_at_3": 0.23903508771929824,
        "hits_at_5": 0.3508771929824561,
        "inverse_arithmetic_mean_rank": 0.022401807829737663,
        "inverse_geometric_mean_rank": 0.07173482328653336,
        "inverse_harmonic_mean_rank": 0.20968417823314664,
        "inverse_median_rank": 0.07999999821186066,
        "median_absolute_deviation": 15.567323294308821,
        "median_rank": 12.5,
        "standard_deviation": 71.000244140625,
        "variance": 5041.03515625,
        "z_arithmetic_mean_rank": 29.441934870213675,
        "z_geometric_mean_rank": 20.273217502358072,
        "z_hits_at_k": 62.804348973181625,
        "z_inverse_harmonic_mean_rank": 70.48889565852015
      }
    },
    "head": {
      "optimistic": {
        "adjusted_arithmetic_mean_rank": 0.3420950035908485,
        "adjusted_arithmetic_mean_rank_index": 0.6609973818211805,
        "adjusted_geometric_mean_rank_index": 0.7780427407659904,
        "adjusted_hits_at_k": 0.2047530464285895,
        "adjusted_inverse_harmonic_mean_rank": 0.08690863265272591,
        "arithmetic_mean_rank": 73.12280701754386,
        "count": 228.0,
        "geometric_mean_rank": 32.616412211249234,
        "harmonic_mean_rank": 9.639074724205976,
        "hits_at_1": 0.03508771929824561,
        "hits_at_10": 0.22807017543859648,
        "hits_at_3": 0.10964912280701754,
        "hits_at_5": 0.14912280701754385,
        "inverse_arithmetic_mean_rank": 0.013675623800383877,
        "inverse_geometric_mean_rank": 0.030659411388451397,
        "inverse_harmonic_mean_rank": 0.10374439752902481,
        "inverse_median_rank": 0.024691358024691357,
        "median_absolute_deviation": 53.37367986620167,
        "median_rank": 40.5,
        "standard_deviation": 83.6675900226057,
        "variance": 7000.265620190828,
        "z_arithmetic_mean_rank": 15.984575555795432,
        "z_geometric_mean_rank": 12.083345897341154,
        "z_hits_at_k": 17.859720236384753,
        "z_inverse_harmonic_mean_rank": 19.39851126089112
      },
      "pessimistic": {
        "adjusted_arithmetic_mean_rank": 0.342115522724941,
        "adjusted_arithmetic_mean_rank_index": 0.6609767662399242,
        "adjusted_geometric_mean_rank_index": 0.7780361980590316,
        "adjusted_hits_at_k": 0.2047530464285895,
        "adjusted_inverse_harmonic_mean_rank": 0.08690844301036438,
        "arithmetic_mean_rank": 73.12719298245614,
        "count": 228.0,
        "geometric_mean_rank": 32.61734417860595,
        "harmonic_mean_rank": 9.63909201936162,
        "hits_at_1": 0.03508771929824561,
        "hits_at_10": 0.22807017543859648,
        "hits_at_3": 0.10964912280701754,
        "hits_at_5": 0.14912280701754385,
        "inverse_arithmetic_mean_rank": 0.013674803574641637,
        "inverse_geometric_mean_rank": 0.030658535364626968,
        "inverse_harmonic_mean_rank": 0.10374421138332782,
        "inverse_median_rank": 0.024691358024691357,
        "median_absolute_deviation": 53.37367986620167,
        "median_rank": 40.5,
        "standard_deviation": 83.67180327954262,
        "variance": 7000.970664050477,
        "z_arithmetic_mean_rank": 15.984077019303033,
        "z_geometric_mean_rank": 12.08324428622502,
        "z_hits_at_k": 17.859720236384753,
        "z_inverse_harmonic_mean_rank": 19.398468931615263
      },
      "realistic": {
        "adjusted_arithmetic_mean_rank": 0.34210526315789475,
        "adjusted_arithmetic_mean_rank_index": 0.6609870740305523,
        "adjusted_geometric_mean_rank_index": 0.7780394404235751,
        "adjusted_hits_at_k": 0.2047530464285895,
        "adjusted_inverse_harmonic_mean_rank": 0.08690853906843626,
        "arithmetic_mean_rank": 73.125,
        "count": 228.0,
        "geometric_mean_rank": 32.61688232421875,
        "harmonic_mean_rank": 9.639083258973056,
        "hits_at_1": 0.03508771929824561,
        "hits_at_10": 0.22807017543859648,
        "hits_at_3": 0.10964912280701754,
        "hits_at_5": 0.14912280701754385,
        "inverse_arithmetic_mean_rank": 0.013675213791429996,
        "inverse_geometric_mean_rank": 0.030658969655632973,
        "inverse_harmonic_mean_rank": 0.10374430567026138,